{"cameraMode":{"drawMode":0,"name":"Shaded","section":"Shading Mode"},"sceneLighting":false,"audioPlay":false,"sceneViewState":{"m_AlwaysRefresh":false,"showFog":true,"showSkybox":false,"showFlares":true,"showImageEffects":true,"showParticleSystems":true,"showVisualEffectGraphs":true,"m_FxEnabled":true},"in2DMode":false,"pivot":{"x":-30.236303329467775,"y":0.7547315359115601,"z":-7.328372478485107},"rotation":{"x":-0.0029737954027950765,"y":-0.4106309413909912,"z":0.0014461075188592077,"w":-0.9118332862854004},"size":0.2060472071170807,"orthographic":false}